mysql 31165@localhost:(none)> use A06;
You are now connected to database "A06" as user "31165"
Time: 0.002s
mysql 31165@localhost:A06> SELECT * FROM employee;
╒══════════╤════════════════╤════════════════╤══════════╕
│   emp_id │ emp_name       │ date_of_join   │   salary │
╞══════════╪════════════════╪════════════════╪══════════╡
│      101 │ Namita Krishna │ 2018-10-12     │    70000 │
├──────────┼────────────────┼────────────────┼──────────┤
│      102 │ Isha Rama      │ 2018-10-13     │    60000 │
├──────────┼────────────────┼────────────────┼──────────┤
│      103 │ Sirish Venkat  │ 2019-12-14     │    70000 │
├──────────┼────────────────┼────────────────┼──────────┤
│      104 │ Pranav Rao     │ 2019-10-14     │    75000 │
╘══════════╧════════════════╧════════════════╧══════════╛
4 rows in set
Time: 0.003s
mysql 31165@localhost:A06> SELECT * FROM employee_temp;
╒══════════╤════════════════╤════════════════╕
│   emp_id │ emp_name       │ date_of_join   │
╞══════════╪════════════════╪════════════════╡
│      101 │ Pranay Ganesh  │ 2020-09-23     │
├──────────┼────────────────┼────────────────┤
│      104 │ Vicky Rao      │ 2020-09-23     │
├──────────┼────────────────┼────────────────┤
│      105 │ Nupur Khanna   │ 2020-09-23     │
├──────────┼────────────────┼────────────────┤
│      106 │ Pushpa Sridhar │ 2020-09-23     │
├──────────┼────────────────┼────────────────┤
│      107 │ Aditya Dubey   │ 2020-09-23     │
╘══════════╧════════════════╧════════════════╛
5 rows in set
Time: 0.004s
mysql 31165@localhost:A06> call add_new_employees();
╒═══════════════╕
│   old_entries │
╞═══════════════╡
│             2 │
╘═══════════════╛
1 row in set
Time: 0.805s
mysql 31165@localhost:A06> SELECT * FROM employee;
╒══════════╤════════════════╤════════════════╤══════════╕
│   emp_id │ emp_name       │ date_of_join   │   salary │
╞══════════╪════════════════╪════════════════╪══════════╡
│      101 │ Namita Krishna │ 2018-10-12     │    70000 │
├──────────┼────────────────┼────────────────┼──────────┤
│      102 │ Isha Rama      │ 2018-10-13     │    60000 │
├──────────┼────────────────┼────────────────┼──────────┤
│      103 │ Sirish Venkat  │ 2019-12-14     │    70000 │
├──────────┼────────────────┼────────────────┼──────────┤
│      104 │ Pranav Rao     │ 2019-10-14     │    75000 │
├──────────┼────────────────┼────────────────┼──────────┤
│      105 │ Nupur Khanna   │ 2020-09-23     │   <null> │
├──────────┼────────────────┼────────────────┼──────────┤
│      106 │ Pushpa Sridhar │ 2020-09-23     │   <null> │
├──────────┼────────────────┼────────────────┼──────────┤
│      107 │ Aditya Dubey   │ 2020-09-23     │   <null> │
╘══════════╧════════════════╧════════════════╧══════════╛
7 rows in set
Time: 0.012s
mysql 31165@localhost:A06> SELECT * FROM employee_temp;
╒══════════╤════════════╤════════════════╕
│ emp_id   │ emp_name   │ date_of_join   │
╞══════════╪════════════╪════════════════╡
╘══════════╧════════════╧════════════════╛
0 rows in set
Time: 0.005s
mysql 31165@localhost:A06> 

